Class,Count,Percent
0.0,249100,99.81767546232292
1.0,455,0.1823245376770652
